Split,Train_R2,Test_R2,Train_RMSE,Test_RMSE,Test_MAPE,Performance_Drop
Train_2020_Test_2021-2022-2023,0.9977760992887706,0.6244570032082937,0.2916081925190449,3.98348864268142,64.01677947102334,0.373319096080477
Train_2021_Test_2020-2022-2023,0.9975829918686656,0.19869079586819394,0.29506623512969304,5.90544204907813,inf,0.7988921960004717
Train_2022_Test_2020-2021-2023,0.9976849712085715,0.6217522922964552,0.28275509196009646,4.07985646881728,inf,0.37593267891211624
Train_2023_Test_2020-2021-2022,0.9986863138604896,0.11791132620843625,0.2648256590282896,5.667634116956805,inf,0.8807749876520533
